Timestamp,Class,Student Name,Fathers Name,Mothers Name,Student Id,Group,Roll,Bangla CQ,Bangla MCQ,English CQ,English MCQ,Math CQ,Math MCQ,Religion CQ,Religion MCQ,History CQ,History MCQ,Science CQ,Science MCQ,ICT CQ,ICT MCQ,Wellbeing CQ,Wellbeing MCQ,Life and Livelihood CQ,Life and Livelihood MCQ,Art & Craft CQ,Art & Craft MCQ,Physics  CQ,Physics  MCQ,Chemistry CQ,Chemistry MCQ,Higher math CQ,Higher math MCQ,Biology CQ,Biology MCQ,Agriculture CQ,Agriculture MCQ
12/24/2024 0:20:31,nine,Demo Student 1,Demo Father 1,Demo Mother 1,221400010,science,05,25,12,23,25,12,25,12,25,12,36,65,25,15,33,36,23,12,36,25,12,15,12,25,23,36,25,23,54,25,25
12/25/2024 11:50:50,nine,Rakibul Hasan,Md.Rafiq,Rozi,2005091,,1,,,,,60,28,,,,,,,,,,,,,,,,,,,,,,,,
12/26/2024 13:26:29,four,Student 1,Father 1,Mother 1,200504001,,1,81,,81,,90,,87,,93,,91,,,,,,,,,,,,,,,,,,,
12/26/2024 13:29:00,five,Std 1,Fth 1,Mth 1,200505001,,01,78,,90,,90,,81,,78,,95,,,,,,,,,,,,,,,,,,,
12/26/2024 13:32:24,six,Std 1,Fth 1,Mthr 1,2005060001,,08,35,25,70,,40,22,38,25,54,28,54,28,54,22,67,18,62,18,66,17,,,,,,,,,,
12/27/2024 17:10:15,eight,Mst. Jannatul ,Md.Nurul Islam ,Mst.Shahanara,20050801,,01,83,,93,,90,,89,,80,,75,,90,,92,,86,,88,,,,,,,,,,,
12/27/2024 19:12:35,eight,Mimita After ,MD.Shafiqul Islam ,Munni Khanam,20050804,,4,80,,90,,80,,84,,80,,70,,85,,82,,86,,88,,,,,,,,,,,
12/27/2024 19:16:26,eight,MD. Abdus Sayem,Abdul Karim,Rojina Akter,20050806,,06,79,,87,,68,,80,,80,,75,,82,,80,,85,,84,,,,,,,,,,,
12/27/2024 19:27:53,eight,Nuri Akter,Nurul Islam ,Sumi Akter,20050802,,02,82,,86,,90,,89,,81,,80,,90,,93,,87,,87,,,,,,,,,,,
12/27/2024 19:33:21,eight,Mst.Urmila Akter ,Md.Rubil ,Mst.Farida yesmin ,20050803,,03,81,,85,,87,,85,,80,,75,,89,,87,,88,,89,,,,,,,,,,,
12/27/2024 19:36:02,six,MD. Miskat Mahamud,MD.Mustafizur Rahman,Mst.Lamina Begum,20050627,,27,62,,48,,60,,70,,67,,66,,75,,72,,70,,73,,,,,,,,,,,
12/27/2024 19:37:36,eight,Md.Ashraful Islam ,Md.Saiful Islam ,Mst.Rasheda khanom ,20050807,,07,79,,80,,70,,82,,79,,70,,85,,86,,87,,89,,,,,,,,,,,
12/27/2024 19:39:32,six,Samiul Islam,Rubel Sheikh,Saliha Begum,20050618,,18,72,,55,,67,,75,,71,,60,,80,,78,,80,,78,,,,,,,,,,,
12/27/2024 19:43:12,six,Ayesha Siddika,Md.Aminul Islam,Mst.Sabina Begum,20050612,,12,80,,65,,76,,80,,75,,70,,80,,80,,82,,80,,,,,,,,,,,
12/27/2024 19:43:23,eight,Md.Tanvir ,Md.Moshiur Rahman Rana,Mst.Aklima Begum,20050805,,05,78,,88,,80,,82,,80,,75,,82,,80,,88,,89,,,,,,,,,,,
12/27/2024 19:45:34,six,Juma,Abul Hosen,Mst.Maya,20050603,,3,85,,80,,80,,84,,82,,75,,85,,82,,80,,83,,,,,,,,,,,
12/27/2024 19:48:13,eight,Mst.Sathi Khatun,Md.Sazzad Hossain ,Mst.Monjera Khatun,20050809,,09,75,,70,,70,,80,,75,,65,,80,,82,,82,,80,,,,,,,,,,,
12/27/2024 19:50:05,six,Md.Salman Ahmed Sany,Md.Titul Ahmed,Mst. Sulekha Begum,20050620,,20,67,,63,,65,,72,,70,,65,,75,,80,,79,,72,,,,,,,,,,,
12/27/2024 19:52:06,eight,Sumaiya Akter Simu,Md. Sadek,Mahmuda Megom,20050811,,11,72,,70,,70,,78,,72,,60,,82,,82,,80,,83,,,,,,,,,,,
12/27/2024 19:52:49,six,Faria Khatun,Md.Fazlul Haque ,Mst.Farida khatun,20050608,,8,82,,75,,70,,81,,80,,72,,82,,83,,80,,80,,,,,,,,,,,
12/27/2024 19:54:58,eight,Md.Abubaker Siddik Ratul ,Md.Habibur Rahman,Mst.Ruksana ,20050810,,10,70,,85,,65,,75,,70,,70,,79,,80,,78,,83,,,,,,,,,,,
12/27/2024 19:56:50,six,Israt Jahan Mim,Mohshin,Moriom Begum,20050606,,6,82,,77,,80,,80,,80,,75,,81,,80,,80,,72,,,,,,,,,,,
12/27/2024 19:58:21,eight,Fardin Ahmmed Mahim ,Md.Manzurul Islam ,Mst.Fahima Begum ,20050812,,12,78,,73,,70,,76,,72,,60,,78,,82,,80,,80,,,,,,,,,,,
12/27/2024 19:59:28,six,Md.Rifat Islam,Md.Rofiqul Islam,Mst.Laky,20050621,,21,62,,51,,60,,71,,65,,62,,79,,78,,80,,70,,,,,,,,,,,
12/27/2024 20:02:13,six,Md.Abir Hassan,Md.Iqbal Hassan,Mst.Adory Begum,20050605,,5,81,,86,,75,,80,,75,,70,,80,,85,,81,,80,,,,,,,,,,,
12/27/2024 20:02:36,eight,Sreemoti Shukla Rani ,Sree Noyondronath Howlader,Sreemoti Sifali Rani,20050818,,18,68,,70,,65,,70,,65,,50,,75,,80,,80,,76,,,,,,,,,,,
12/27/2024 20:04:39,six,Prattasha Moni Roy,Pankaz Roy,Akhi Mandal,20050611,,11,82,,57,,75,,82,,80,,76,,80,,80,,85,,75,,,,,,,,,,,
12/27/2024 20:05:48,eight,Md.Ahsan Habib Himel,Md.Tariqul Islam,Mst.Chaina Begum ,20050815,,15,65,,85,,65,,72,,63,,65,,73,,80,,69,,75,,,,,,,,,,,
12/27/2024 20:07:09,six,Nure Jannat Nupur,Nurol Islam,Rina Begum,20050601,,1,83,,85,,80,,81,,80,,75,,85,,81,,83,,85,,,,,,,,,,,
12/27/2024 20:08:52,eight,Abdullah Al Saif,Md.Alomgir Hossain ,Mst.Sathi Begum,20050816,,16,72,,60,,60,,74,,68,,60,,79,,78,,80,,80,,,,,,,,,,,
12/27/2024 20:09:53,six,Mst.Marzia Akther,Md.Manik,Mst.Shikha Begum,20050602,,2,85,,87,,80,,80,,82,,75,,80,,85,,82,,80,,,,,,,,,,,
12/27/2024 20:12:33,six,Mim Akther,Maidul Mia,Jamila Begum,20050607,,7,75,,76,,75,,80,,81,,72,,82,,80,,85,,80,,,,,,,,,,,
12/27/2024 20:13:50,eight,Md.Ripon Miah ,Md.Sofiqul Islam ,Mst.Fahima Begum ,20050817,,17,70,,70,,60,,70,,60,,64,,80,,79,,78,,80,,,,,,,,,,,
12/27/2024 20:16:57,eight,Shimla Akter Shimu ,Md.Shimul Hossain ,Hosnay Ara Begum,20050819,,19,65,,60,,60,,70,,65,,55,,82,,80,,79,,80,,,,,,,,,,,
12/27/2024 20:17:20,six,Mst.Monisha Akther,Md.Monarul Islam,Mst.Hamida Begum,20050617,,17,70,,57,,66,,75,,70,,65,,80,,85,,70,,79,,,,,,,,,,,
12/27/2024 20:20:46,six,Mst.Marzia Akther,Md.Manik,Mst.Sikha Begum,20050602,,2,85,,87,,80,,80,,80,,77,,82,,85,,82,,80,,,,,,,,,,,
12/27/2024 20:22:36,eight,Fatema Akter ,Md.Juwel Mia ,Mst.Reba Begum,20050808,,08,80,,84,,65,,78,,69,,70,,85,,80,,80,,79,,,,,,,,,,,
12/27/2024 20:22:57,six,Sohana Khatun,Sohail Rana,Halima Khatun,20050624,,24,60,,45,,65,,75,,68,,60,,76,,72,,70,,73,,,,,,,,,,,
12/27/2024 20:25:58,six,Md.Shrabon Islam,Md.Anowar Mondol,Mst.Sheuly Begum,20050615,,15,80,,64,,70,,80,,77,,70,,75,,72,,70,,74,,,,,,,,,,,
12/27/2024 20:28:04,six,Md.Rafim Sheikh,Md.Munna Sheikh,Mst.Rina,20050609,,9,80,,69,,72,,81,,80,,72,,80,,82,,83,,81,,,,,,,,,,,
12/27/2024 20:28:06,eight,"Mukta,Rani Sutordor",Maniranjon,Zulon Rani,200520,,20,69,,65,,60,,69,,60,,50,,79,,85,,80,,78,,,,,,,,,,,
12/27/2024 20:30:32,six,Md.Rejuyan Ahmed,Md. Masud Rana,Nasrin Sultana,20050619,,19,75,,50,,65,,75,,75,,66,,79,,80,,75,,70,,,,,,,,,,,
12/27/2024 20:32:13,eight,Mymona Akter Mim,Josim Miah ,Kalpana Begum,20050824,,24,59,,58,,60,,68,,60,,55,,75,,72,,80,,72,,,,,,,,,,,
12/27/2024 20:33:11,six,Md.Morsalin Rahman Jisan,Md.Muslim Uddin,Mst.Beauty Begum,20050616,,16,65,,53,,68,,80,,76,,67,,80,,79,,80,,70,,,,,,,,,,,
12/27/2024 20:35:19,six,Mst. Jannatul Khatun,Md.Aminul Islam,Mst.Jesmin,20050622,,22,70,,38,,62,,75,,71,,60,,70,,75,,80,,79,,,,,,,,,,,
12/27/2024 20:35:24,eight,Nahid Sardar,Md.Habul Sakdar,Nilufa Eismin,20050826,,26,55,,58,,59,,65,,55,,50,,80,,79,,72,,75,,,,,,,,,,,
12/27/2024 20:38:03,six,Md.Shamim,Shahin Ahmmed,Sharmin Begum,20050629,,29,61,,36,,62,,70,,68,,65,,60,,62,,70,,70,,,,,,,,,,,
12/27/2024 20:41:00,six,Ashrat Jahan Mim,Mizanur Rahman,Beby Akther,20050610,,10,82,,59,,78,,81,,80,,72,,80,,85,,80,,81,,,,,,,,,,,
12/27/2024 20:42:42,eight,Md.Tamim Iqbal,Md.Rafiqul Islam ,Mst.Marium,20050833,,33,50,,55,,50,,55,,50,,50,,70,,72,,70,,75,,,,,,,,,,,
12/27/2024 20:43:59,six,Md.Mejbahul Islam,Md.Fokrul Islam,Mst.Minara begum,20050626,,26,60,,63,,65,,71,,70,,61,,60,,70,,72,,75,,,,,,,,,,,
12/27/2024 20:45:58,eight,Argho kumar Mondol,Rupkumer Chandra,Rita Rani,20050825,,25,60,,55,,60,,60,,59,,50,,80,,80,,79,,72,,,,,,,,,,,
12/27/2024 20:46:22,six,Khadijatul kubra,Billal Hossain,Shorifa Akther,20050604,,4,85,,77,,80,,82,,80,,78,,80,,79,,80,,82,,,,,,,,,,,
12/27/2024 20:48:47,six,Shayon Roy,Sentu Kumar Roy,Pinkey Sarkar,20050625,,25,67,,51,,62,,70,,70,,60,,70,,72,,75,,73,,,,,,,,,,,
12/27/2024 20:49:01,eight,Surovi Akter,Md.Sohel Rana,Mst.Monira khatun,20050814,,14,65,,70,,69,,75,,65,,60,,80,,82,,84,,80,,,,,,,,,,,
12/27/2024 20:50:42,six,Songita,Md.Mojahar Ali Fakir,Mst.Begum Akther,20050623,,23,60,,49,,62,,72,,65,,63,,70,,75,,80,,72,,,,,,,,,,,
12/27/2024 20:52:21,eight,Hossain Ahmed ,Md.Rafiqul Islam,Murshida Akter,20050813,,13,78,,85,,70,,81,,72,,60,,80,,82,,80,,79,,,,,,,,,,,
12/27/2024 20:53:05,six,Sadia khatun,Sadikul,Mukta,20050613,,13,75,,54,,72,,71,,78,,70,,80,,85,,79,,80,,,,,,,,,,,
12/27/2024 20:54:56,six,Sadia Khatun,Md.Badsha Mia,Sabina Yesmin,20050614,,14,78,,56,,65,,74,,75,,67,,80,,85,,80,,82,,,,,,,,,,,
12/27/2024 20:56:45,eight,Mst. Moshmy Akter,Md. Abdul Motin Mia,Mst. Reba Khatun,200523,,23,62,,55,,70,,59,,59,,50,,80,,79,,75,,75,,,,,,,,,,,
12/27/2024 21:01:00,eight,Md. Tanvir Sheikh,Md. Habib Sheikh,Mst. Taslima Begum,20050832,,32,60,,52,,48,,49,,50,,50,,70,,72,,72,,73,,,,,,,,,,,
12/27/2024 21:04:57,eight,Rabbi Mondol,Md. Ariful Islam,Mst. Rabeya Begum,20050828,,28,58,,52,,56,,55,,52,,50,,70,,80,,79,,75,,,,,,,,,,,
12/27/2024 21:08:08,eight,Nafija,Md. Kamal Hossain,Ojifa Akter,20050822,,22,70,,55,,75,,70,,60,,55,,82,,82,,73,,72,,,,,,,,,,,
12/27/2024 21:11:51,eight,Sopna Bornom,Swapon Bornom,Rita Rani,20050833,,33,50,,33,,64,,60,,50,,50,,70,,70,,70,,72,,,,,,,,,,,
12/27/2024 21:15:50,eight,Khushi Akter,Md. Ripon Mir,Mst. Heppy Begum,20050829,,29,60,,40,,65,,65,,55,,50,,75,,70,,72,,70,,,,,,,,,,,
12/27/2024 21:19:45,eight,Mariya Akter,AB Malek,Mst.Bulbuly,20050821,,21,59,,66,,66,,70,,60,,60,,79,,80,,72,,80,,,,,,,,,,,
12/27/2024 21:22:30,eight,Prome Akter,Md. Abbas Uddin,Alea Khatun,20050827,,27,55,,58,,62,,60,,60.09,,55.09,,70,,70,,80,,72,,,,,,,,,,,
12/27/2024 21:25:34,eight,Airin Akter,Md. Amirul Islam,Mst. Shima Khatun,20050834,,34,50,,56,,50,,53,,50,,40,,70,,72,,75,,70,,,,,,,,,,,
12/27/2024 21:29:32,eight,Mst. Bithi Sharker,Md. Baccu,Rita Rani,20050835,,35,55,,43,,45,,49,,52,,45,,72.09,,73,,75,,74,,,,,,,,,,,
12/27/2024 21:32:19,eight,Md. Ratul Islam,Yasin Bhuiya,Rehena Akter,20050837,,37,40,,53,,55,,48,,49,,40,,70,,75,,70,,70,,,,,,,,,,,
12/28/2024 8:19:48,nine,Tanvir,Abu Siddik,Lipi Begum,20050901,,3rd,75,,80,,87,,83,,82,,80,,85,,90,,88,,90,,,,,,,,,,,
12/28/2024 8:30:37,nine,Moinuddin Fokir,Monir Hossain,Momtaz,20050902,,23,60,,62,,55,,65,,65,,67,,76,,81,,81,,80,,,,,,,,,,,
12/28/2024 8:42:50,nine,Rakibul Hasan Rakib,Md.Rafiq,Rozi,20050903,,1st,80,,87,,88,,85,,85,,83,,85,,90,,91,,92,,,,,,,,,,,
12/28/2024 8:51:33,nine,Marzid,Mosharof,Anisha,20050904,,5,80,,82,,78,,83,,75,,82,,85,,80,,90,,90,,,,,,,,,,,
12/28/2024 8:59:17,nine,Limon Khan,Faruk,Chamulee,20050905,,2nd,85,,82,,83,,84,,83,,83,,85,,90,,90,,90,,,,,,,,,,,
12/28/2024 9:07:38,nine,Siam,Mozid,Sabina,20050906,,12,78,,73,,78,,75,,65,,74,,75,,82,,85,,85,,,,,,,,,,,
12/28/2024 9:20:15,nine,Sakib,Alamgir,Shanaz,20050908,,18,75,,68,,56,,73,,71,,72,,80,,84,,81,,82,,,,,,,,,,,
12/28/2024 9:51:35,nine,Mehedi Hasan,Billal,Sharifa,20050911,,11,78,,78,,64,,72,,75,,76,,81,,82,,83,,85,,,,,,,,,,,
12/28/2024 10:01:43,nine,Barkotullah Mondol Mohaddes,Mahfuzur,Rina,20050912,,13,75,,70,,53,,75,,73,,77,,80,,85,,87,,85,,,,,,,,,,,
12/28/2024 10:08:44,nine,Sumon,Nasir,Doli,20050913,,28,55,,65,,46,,64,,68,,62,,76,,80,,80,,80,,,,,,,,,,,
12/28/2024 10:16:51,nine,Joy Chandra,Moni Ranjon,Zulan,20050915,,21,55,,67,,50,,71,,68,,70,,76,,81,,82,,81,,,,,,,,,,,
12/28/2024 10:27:42,nine,Juthi Akther,Jalaluddin,Champa,20050918,,22,60,,60,,56,,68,,73,,65,,75,,82,,80,,80,,,,,,,,,,,
12/28/2024 10:43:01,nine,Shorna,Kabir,Razia,20050919,,6,80,,80,,60,,81,,82,,80,,84,,84,,87,,89,,,,,,,,,,,
12/28/2024 10:50:03,nine,Lamia Akther Tuba,Obaidur,Nargis,20050920,,10,75,,75,,63,,80,,81,,75,,80,,85,,84,,87,,,,,,,,,,,
12/28/2024 10:57:19,nine,Aysha,Shahalam,Amena,20050921,,4,80,,80,,81,,82,,81,,80,,82,,88,,90,,88,,,,,,,,,,,